Overall rank,Country or region,Year,Score,GDP per capita,Social support,Healthy life expectancy,Freedom to make life choices,Generosity,Perceptions of corruption
153,Afghanistan,2015,3.5750,0.3198,0.3029,0.3034,0.2341,0.3651,0.0972
154,Afghanistan,2016,3.3600,0.3823,0.1104,0.1734,0.1643,0.3127,0.0711
141,Afghanistan,2017,3.7940,0.4015,0.5815,0.1807,0.1062,0.3119,0.0612
145,Afghanistan,2018,3.6320,0.3320,0.5370,0.2550,0.0850,0.1910,0.0360
154,Afghanistan,2019,3.2030,0.3500,0.5170,0.3610,0.0000,0.1580,0.0250
95,Albania,2015,4.9590,0.8787,0.8043,0.8133,0.3573,0.1427,0.0641
109,Albania,2016,4.6550,0.9553,0.5016,0.7301,0.3187,0.1684,0.0530
109,Albania,2017,4.6440,0.9962,0.8037,0.7312,0.3815,0.2013,0.0399
112,Albania,2018,4.5860,0.9160,0.8170,0.7900,0.4190,0.1490,0.0320
107,Albania,2019,4.7190,0.9470,0.8480,0.8740,0.3830,0.1780,0.0270
68,Algeria,2015,5.6050,0.9393,1.0777,0.6177,0.2858,0.0782,0.1738
38,Algeria,2016,6.3550,1.0527,0.8331,0.6180,0.2101,0.0704,0.1616
53,Algeria,2017,5.8720,1.0919,1.1462,0.6176,0.2333,0.0694,0.1461
84,Algeria,2018,5.2950,0.9790,1.1540,0.6870,0.0770,0.0550,0.1350
88,Algeria,2019,5.2110,1.0020,1.1600,0.7850,0.0860,0.0730,0.1140
137,Angola,2015,4.0330,0.7578,0.8604,0.1668,0.1038,0.1234,0.0712
141,Angola,2016,3.8660,0.8473,0.6637,0.0499,0.0059,0.1207,0.0843
140,Angola,2017,3.7950,0.8584,1.1044,0.0499,0.0000,0.0979,0.0697
142,Angola,2018,3.7950,0.7300,1.1250,0.2690,0.0000,0.0790,0.0610
30,Argentina,2015,6.5740,1.0535,1.2482,0.7872,0.4497,0.1145,0.0848
26,Argentina,2016,6.6500,1.1514,1.0661,0.6971,0.4228,0.1099,0.0730
24,Argentina,2017,6.5990,1.1853,1.4405,0.6951,0.4945,0.1095,0.0597
29,Argentina,2018,6.3880,1.0730,1.4680,0.7440,0.5700,0.0620,0.0540
47,Argentina,2019,6.0860,1.0920,1.4320,0.8810,0.4710,0.0660,0.0500
127,Armenia,2015,4.3500,0.7682,0.7771,0.7299,0.1985,0.0786,0.0390
121,Armenia,2016,4.3600,0.8609,0.6248,0.6408,0.1404,0.0779,0.0362
121,Armenia,2017,4.3760,0.9006,1.0075,0.6375,0.1983,0.0835,0.0267
129,Armenia,2018,4.3210,0.8160,0.9900,0.6660,0.2600,0.0770,0.0280
116,Armenia,2019,4.5590,0.8500,1.0550,0.8150,0.2830,0.0950,0.0640
10,Australia,2015,7.2840,1.3336,1.3092,0.9316,0.6512,0.4356,0.3564
9,Australia,2016,7.3130,1.4444,1.1048,0.8512,0.5684,0.4741,0.3233
10,Australia,2017,7.2840,1.4844,1.5100,0.8439,0.6016,0.4777,0.3012
10,Australia,2018,7.2720,1.3400,1.5730,0.9100,0.6470,0.3610,0.3020
11,Australia,2019,7.2280,1.3720,1.5480,1.0360,0.5570,0.3320,0.2900
13,Austria,2015,7.2000,1.3372,1.2970,0.8904,0.6243,0.3309,0.1868
12,Austria,2016,7.1190,1.4504,1.0838,0.8057,0.5436,0.3287,0.2135
13,Austria,2017,7.0060,1.4871,1.4599,0.8153,0.5678,0.3165,0.2211
12,Austria,2018,7.1390,1.3410,1.5040,0.8910,0.6170,0.2420,0.2240
10,Austria,2019,7.2460,1.3760,1.4750,1.0160,0.5320,0.2440,0.2260
80,Azerbaijan,2015,5.2120,1.0239,0.9379,0.6405,0.3703,0.0780,0.1607
81,Azerbaijan,2016,5.2910,1.1237,0.7604,0.5450,0.3533,0.0564,0.1791
85,Azerbaijan,2017,5.2340,1.1536,1.1524,0.5408,0.3982,0.0453,0.1810
87,Azerbaijan,2018,5.2010,1.0240,1.1610,0.6030,0.4300,0.0310,0.1760
90,Azerbaijan,2019,5.2080,1.0430,1.1470,0.7690,0.3510,0.0350,0.1820
49,Bahrain,2015,5.9600,1.3238,1.2162,0.7472,0.4549,0.1736,0.3060
42,Bahrain,2016,6.2180,1.4402,0.9440,0.6570,0.4738,0.1715,0.2577
41,Bahrain,2017,6.0870,1.4884,1.3231,0.6531,0.5367,0.1727,0.2570
43,Bahrain,2018,6.1050,1.3380,1.3660,0.6980,0.5940,0.2430,0.1230
37,Bahrain,2019,6.1990,1.3620,1.3680,0.8710,0.5360,0.2550,0.1100
109,Bangladesh,2015,4.6940,0.3975,0.4311,0.6016,0.4082,0.2122,0.1257
110,Bangladesh,2016,4.6430,0.5418,0.2475,0.5299,0.3978,0.1913,0.1258
110,Bangladesh,2017,4.6080,0.5867,0.7351,0.5332,0.4784,0.1723,0.1237
115,Bangladesh,2018,4.5000,0.5320,0.8500,0.5790,0.5800,0.1530,0.1440
125,Bangladesh,2019,4.4560,0.5620,0.9280,0.7230,0.5270,0.1660,0.1430
59,Belarus,2015,5.8130,1.0319,1.2329,0.7361,0.3794,0.1105,0.1909
61,Belarus,2016,5.8020,1.1306,1.0499,0.6310,0.2909,0.1394,0.1746
67,Belarus,2017,5.5690,1.1566,1.4449,0.6377,0.2954,0.1551,0.1563
73,Belarus,2018,5.4830,1.0390,1.4980,0.7000,0.3070,0.1010,0.1540
81,Belarus,2019,5.3230,1.0670,1.4650,0.7890,0.2350,0.0940,0.1420
19,Belgium,2015,6.9370,1.3078,1.2857,0.8967,0.5845,0.2225,0.2254
18,Belgium,2016,6.9290,1.4254,1.0525,0.8196,0.5135,0.2424,0.2625
17,Belgium,2017,6.8910,1.4638,1.4623,0.8181,0.5398,0.2315,0.2513
16,Belgium,2018,6.9270,1.3240,1.4830,0.8940,0.5830,0.1880,0.2400
18,Belgium,2019,6.9230,1.3560,1.5040,0.9860,0.4730,0.1600,0.2100
52,Belize,2016,5.9560,0.8762,0.6866,0.4557,0.5123,0.2368,0.1077
50,Belize,2017,5.9560,0.9080,1.0814,0.4502,0.5475,0.2400,0.0966
49,Belize,2018,5.9560,0.8070,1.1010,0.4740,0.5930,0.1830,0.0890
155,Benin,2015,3.3400,0.2867,0.3539,0.3191,0.4845,0.1826,0.0801
153,Benin,2016,3.4840,0.3950,0.1042,0.2103,0.3975,0.2018,0.0668
143,Benin,2017,3.6570,0.4311,0.4353,0.2099,0.4260,0.2079,0.0609
136,Benin,2018,4.1410,0.3780,0.3720,0.2400,0.4400,0.1630,0.0670
102,Benin,2019,4.8830,0.3930,0.4370,0.3970,0.3490,0.1750,0.0820
79,Bhutan,2015,5.2530,0.7704,1.1040,0.5741,0.5321,0.4800,0.1545
84,Bhutan,2016,5.1960,0.8527,0.9084,0.4976,0.4607,0.4855,0.1616
97,Bhutan,2017,5.0110,0.8854,1.3401,0.4959,0.5015,0.4741,0.1734
97,Bhutan,2018,5.0820,0.7960,1.3350,0.5270,0.5410,0.3640,0.1710
95,Bhutan,2019,5.0820,0.8130,1.3210,0.6040,0.4570,0.3700,0.1670
51,Bolivia,2015,5.8900,0.6813,0.9784,0.5392,0.5741,0.2054,0.0880
59,Bolivia,2016,5.8220,0.7942,0.8378,0.4697,0.5096,0.2170,0.0775
58,Bolivia,2017,5.8230,0.8338,1.2276,0.4736,0.5587,0.2256,0.0605
62,Bolivia,2018,5.7520,0.7510,1.2230,0.5080,0.6060,0.1410,0.0540
61,Bolivia,2019,5.7790,0.7760,1.2090,0.7060,0.5110,0.1370,0.0640
96,Bosnia and Herzegovina,2015,4.9490,0.8322,0.9192,0.7908,0.0925,0.2481,0.0023
87,Bosnia and Herzegovina,2016,5.1630,0.9338,0.6437,0.7077,0.0951,0.2989,0.0000
90,Bosnia and Herzegovina,2017,5.1820,0.9824,1.0693,0.7052,0.2044,0.3289,0.0000
93,Bosnia and Herzegovina,2018,5.1290,0.9150,1.0780,0.7580,0.2800,0.2160,0.0000
78,Bosnia and Herzegovina,2019,5.3860,0.9450,1.2120,0.8450,0.2120,0.2630,0.0060
128,Botswana,2015,4.3320,0.9936,1.1046,0.0478,0.4950,0.1046,0.1247
137,Botswana,2016,3.9740,1.0943,0.8919,0.3475,0.4409,0.1243,0.1077
142,Botswana,2017,3.7660,1.1221,1.2216,0.3418,0.5052,0.0993,0.0986
146,Botswana,2018,3.5900,1.0170,1.1740,0.4170,0.5570,0.0420,0.0920
148,Botswana,2019,3.4880,1.0410,1.1450,0.5380,0.4550,0.0250,0.1000
16,Brazil,2015,6.9830,0.9812,1.2329,0.6970,0.4905,0.1457,0.1752
17,Brazil,2016,6.9520,1.0875,1.0394,0.6142,0.4043,0.1578,0.1417
22,Brazil,2017,6.6350,1.1074,1.4313,0.6166,0.4375,0.1623,0.1111
28,Brazil,2018,6.4190,0.9860,1.4740,0.6750,0.4930,0.1100,0.0880
32,Brazil,2019,6.3000,1.0040,1.4390,0.8020,0.3900,0.0990,0.0860
134,Bulgaria,2015,4.2180,1.0122,1.1061,0.7665,0.3059,0.1192,0.0087
129,Bulgaria,2016,4.2170,1.1131,0.9254,0.6781,0.2122,0.1279,0.0062
105,Bulgaria,2017,4.7140,1.1615,1.4344,0.7082,0.2892,0.1132,0.0111
100,Bulgaria,2018,4.9330,1.0540,1.5150,0.7120,0.3590,0.0640,0.0090
97,Bulgaria,2019,5.0110,1.0920,1.5130,0.8150,0.3110,0.0810,0.0040
152,Burkina Faso,2015,3.5870,0.2581,0.8519,0.2713,0.3949,0.2175,0.1283
145,Burkina Faso,2016,3.7390,0.3200,0.6305,0.2130,0.3337,0.2435,0.1253
134,Burkina Faso,2017,4.0320,0.3502,1.0433,0.2158,0.3244,0.2509,0.1203
121,Burkina Faso,2018,4.4240,0.3140,1.0970,0.2540,0.3120,0.1750,0.1280
115,Burkina Faso,2019,4.5870,0.3310,1.0560,0.3800,0.2550,0.1770,0.1130
157,Burundi,2015,2.9050,0.0153,0.4159,0.2240,0.1185,0.1973,0.1006
157,Burundi,2016,2.9050,0.0683,0.2344,0.1575,0.0432,0.2029,0.0942
154,Burundi,2017,2.9050,0.0916,0.6298,0.1516,0.0599,0.2044,0.0841
156,Burundi,2018,2.9050,0.0910,0.6270,0.1450,0.0650,0.1490,0.0760
145,Burundi,2019,3.7750,0.0460,0.4470,0.3800,0.2200,0.1760,0.1800
145,Cambodia,2015,3.8190,0.4604,0.6274,0.6111,0.6625,0.4036,0.0725
140,Cambodia,2016,3.9070,0.5560,0.5375,0.4249,0.5885,0.4034,0.0809
129,Cambodia,2017,4.1680,0.6018,1.0062,0.4298,0.6334,0.3859,0.0681
120,Cambodia,2018,4.4330,0.5490,1.0880,0.4570,0.6960,0.2560,0.0650
109,Cambodia,2019,4.7000,0.5740,1.1220,0.6370,0.6090,0.2320,0.0620
133,Cameroon,2015,4.2520,0.4225,0.8877,0.2340,0.4931,0.2062,0.0579
114,Cameroon,2016,4.5130,0.5250,0.6254,0.1270,0.4274,0.2268,0.0613
107,Cameroon,2017,4.6950,0.5643,0.9460,0.1329,0.4304,0.2363,0.0513
99,Cameroon,2018,4.9750,0.5350,0.8910,0.1820,0.4540,0.1830,0.0430
96,Cameroon,2019,5.0440,0.5490,0.9100,0.3310,0.3810,0.1870,0.0370
5,Canada,2015,7.4270,1.3263,1.3226,0.9056,0.6330,0.4581,0.3296
6,Canada,2016,7.4040,1.4402,1.0961,0.8276,0.5737,0.4483,0.3133
7,Canada,2017,7.3160,1.4792,1.4813,0.8346,0.6111,0.4355,0.2874
7,Canada,2018,7.3280,1.3300,1.5320,0.8960,0.6530,0.3210,0.2910
9,Canada,2019,7.2780,1.3650,1.5050,1.0390,0.5840,0.2850,0.3080
148,Central African Republic,2015,3.6780,0.0785,0.0000,0.0670,0.4888,0.2384,0.0829
155,Central African Republic,2017,2.6930,0.0000,0.0000,0.0188,0.2708,0.2809,0.0566
155,Central African Republic,2018,3.0830,0.0240,0.0000,0.0100,0.3050,0.2180,0.0380
155,Central African Republic,2019,3.0830,0.0260,0.0000,0.1050,0.2250,0.2350,0.0350
149,Chad,2015,3.6670,0.3419,0.7606,0.1501,0.2350,0.1839,0.0527
144,Chad,2016,3.7630,0.4221,0.6318,0.0382,0.1281,0.1867,0.0495
137,Chad,2017,3.9360,0.4380,0.9539,0.0411,0.1623,0.2161,0.0536
131,Chad,2018,4.3010,0.3580,0.9070,0.0530,0.1890,0.1810,0.0600
132,Chad,2019,4.3500,0.3500,0.7660,0.1920,0.1740,0.1980,0.0780
27,Chile,2015,6.6700,1.1072,1.1245,0.8586,0.4413,0.3336,0.1287
24,Chile,2016,6.7050,1.2167,0.9059,0.8188,0.3779,0.3160,0.1145
20,Chile,2017,6.6520,1.2528,1.2840,0.8195,0.3769,0.3267,0.0823
25,Chile,2018,6.4760,1.1310,1.3310,0.8080,0.4310,0.1970,0.0610
26,Chile,2019,6.4440,1.1590,1.3690,0.9200,0.3570,0.1870,0.0560
84,China,2015,5.1400,0.8901,0.9468,0.8166,0.5170,0.0819,0.0278
83,China,2016,5.2450,1.0278,0.7938,0.7356,0.4401,0.0496,0.0275
79,China,2017,5.2730,1.0812,1.1608,0.7414,0.4728,0.0288,0.0228
86,China,2018,5.2460,0.9890,1.1420,0.7990,0.5970,0.0290,0.1030
93,China,2019,5.1910,1.0290,1.1250,0.8930,0.5210,0.0580,0.1000
33,Colombia,2015,6.4770,0.9186,1.2402,0.6908,0.5347,0.1840,0.0512
31,Colombia,2016,6.4810,1.0303,1.0217,0.5966,0.4474,0.1563,0.0540
36,Colombia,2017,6.3570,1.0706,1.4022,0.5950,0.4775,0.1490,0.0467
37,Colombia,2018,6.2600,0.9600,1.4390,0.6350,0.5310,0.0990,0.0390
43,Colombia,2019,6.1250,0.9850,1.4100,0.8410,0.4700,0.0990,0.0340
140,Comoros,2015,3.9560,0.2391,0.7927,0.3632,0.2292,0.1744,0.1990
138,Comoros,2016,3.9560,0.2751,0.6032,0.2998,0.1541,0.1827,0.1844
142,Comoros,2019,3.9730,0.2740,0.7570,0.5050,0.1420,0.2750,0.0780
139,Congo (Brazzaville),2015,3.9890,0.6787,0.6629,0.3105,0.4147,0.1239,0.1169
127,Congo (Brazzaville),2016,4.2360,0.7711,0.4780,0.2821,0.3794,0.1208,0.0975
124,Congo (Brazzaville),2017,4.2910,0.8090,0.8320,0.2900,0.4350,0.1209,0.0796
114,Congo (Brazzaville),2018,4.5590,0.6820,0.8110,0.3430,0.5140,0.0910,0.0770
103,Congo (Brazzaville),2019,4.8120,0.6730,0.7990,0.5080,0.3720,0.1050,0.0930
120,Congo (Kinshasa),2015,4.5170,0.0000,1.0012,0.0981,0.2261,0.2483,0.0763
125,Congo (Kinshasa),2016,4.2720,0.0566,0.8068,0.1880,0.1560,0.2546,0.0608
126,Congo (Kinshasa),2017,4.2800,0.0921,1.2290,0.1914,0.2360,0.2465,0.0602
132,Congo (Kinshasa),2018,4.2450,0.0690,1.1360,0.2040,0.3120,0.1970,0.0520
127,Congo (Kinshasa),2019,4.4180,0.0940,1.1250,0.3570,0.2690,0.2120,0.0530
12,Costa Rica,2015,7.2260,0.9558,1.2379,0.8603,0.6338,0.2550,0.1058
14,Costa Rica,2016,7.0870,1.0688,1.0215,0.7615,0.5523,0.2255,0.1055
12,Costa Rica,2017,7.0790,1.1097,1.4164,0.7595,0.5801,0.2146,0.1001
13,Costa Rica,2018,7.0720,1.0100,1.4590,0.8170,0.6320,0.1430,0.1010
12,Costa Rica,2019,7.1670,1.0340,1.4410,0.9630,0.5580,0.1440,0.0930
62,Croatia,2015,5.7590,1.0825,0.7962,0.7881,0.2588,0.0544,0.0243
74,Croatia,2016,5.4880,1.1865,0.6081,0.7052,0.2391,0.1843,0.0400
77,Croatia,2017,5.2930,1.2226,0.9680,0.7013,0.2558,0.2480,0.0431
82,Croatia,2018,5.3210,1.1150,1.1610,0.7370,0.3800,0.1200,0.0390
75,Croatia,2019,5.4320,1.1550,1.2660,0.9140,0.2960,0.1190,0.0220
67,Cyprus,2015,5.6890,1.2081,0.8932,0.9236,0.4067,0.3064,0.0615
69,Cyprus,2016,5.5460,1.3186,0.7070,0.8488,0.2951,0.2791,0.0523
65,Cyprus,2017,5.6210,1.3559,1.1314,0.8447,0.3551,0.2713,0.0412
61,Cyprus,2018,5.7620,1.2290,1.1910,0.9090,0.4230,0.2020,0.0350
49,Cyprus,2019,6.0460,1.2630,1.2230,1.0420,0.4060,0.1900,0.0410
31,Czech Republic,2015,6.5050,1.1790,1.2064,0.8448,0.4636,0.1069,0.0265
27,Czech Republic,2016,6.5960,1.3092,1.0079,0.7638,0.4142,0.0993,0.0399
23,Czech Republic,2017,6.6090,1.3527,1.4339,0.7544,0.4909,0.0881,0.0369
21,Czech Republic,2018,6.7110,1.2330,1.4890,0.8540,0.5430,0.0640,0.0340
20,Czech Republic,2019,6.8520,1.2690,1.4870,0.9200,0.4570,0.0460,0.0360
3,Denmark,2015,7.5270,1.3255,1.3606,0.8746,0.6494,0.3414,0.4836
1,Denmark,2016,7.5260,1.4418,1.1637,0.7950,0.5794,0.3617,0.4445
2,Denmark,2017,7.5220,1.4824,1.5511,0.7926,0.6260,0.3553,0.4008
3,Denmark,2018,7.5550,1.3510,1.5900,0.8680,0.6830,0.2840,0.4080
2,Denmark,2019,7.6000,1.3830,1.5730,0.9960,0.5920,0.2520,0.4100
126,Djibouti,2015,4.3690,0.4403,0.5921,0.3629,0.4607,0.1809,0.2811
98,Dominican Republic,2015,4.8850,0.8954,1.1720,0.6683,0.5767,0.2168,0.1423
89,Dominican Republic,2016,5.1550,1.0279,0.9950,0.5767,0.5226,0.2129,0.1237
86,Dominican Republic,2017,5.2300,1.0794,1.4024,0.5749,0.5526,0.1870,0.1139
83,Dominican Republic,2018,5.3020,0.9820,1.4410,0.6140,0.5780,0.1200,0.1060
77,Dominican Republic,2019,5.4250,1.0150,1.4010,0.7790,0.4970,0.1130,0.1010
48,Ecuador,2015,5.9750,0.8640,0.9990,0.7908,0.4857,0.1154,0.1809
51,Ecuador,2016,5.9760,0.9731,0.8597,0.6861,0.4027,0.1007,0.1804
44,Ecuador,2017,6.0080,1.0008,1.2862,0.6856,0.4552,0.1501,0.1401
48,Ecuador,2018,5.9730,0.8890,1.3300,0.7360,0.5560,0.1140,0.1200
50,Ecuador,2019,6.0280,0.9120,1.3120,0.8680,0.4980,0.1260,0.0870
135,Egypt,2015,4.1940,0.8818,0.7470,0.6171,0.1729,0.1129,0.0632
120,Egypt,2016,4.3620,0.9540,0.4981,0.5212,0.1885,0.1271,0.1039
104,Egypt,2017,4.7350,0.9897,0.9975,0.5202,0.2821,0.1286,0.1144
122,Egypt,2018,4.4190,0.8850,1.0250,0.5530,0.3120,0.0920,0.1070
137,Egypt,2019,4.1660,0.9130,1.0390,0.6440,0.2410,0.0760,0.0670
42,El Salvador,2015,6.1300,0.7645,1.0251,0.6774,0.4035,0.1069,0.1178
46,El Salvador,2016,6.0680,0.8737,0.8098,0.5960,0.3727,0.0888,0.1061
45,El Salvador,2017,6.0030,0.9098,1.1821,0.5960,0.4325,0.0783,0.0900
40,El Salvador,2018,6.1670,0.8060,1.2310,0.6390,0.4610,0.0650,0.0820
35,El Salvador,2019,6.2530,0.7940,1.2420,0.7890,0.4300,0.0930,0.0740
73,Estonia,2015,5.4290,1.1517,1.2279,0.7736,0.4489,0.0868,0.1518
72,Estonia,2016,5.5170,1.2796,1.0516,0.6810,0.4151,0.0842,0.1852
66,Estonia,2017,5.6110,1.3209,1.4767,0.6952,0.4791,0.0989,0.1832
63,Estonia,2018,5.7390,1.2000,1.5320,0.7370,0.5530,0.0860,0.1740
55,Estonia,2019,5.8930,1.2370,1.5280,0.8740,0.4950,0.1030,0.1610
122,Ethiopia,2015,4.5120,0.1907,0.6041,0.4406,0.4345,0.2433,0.1505
115,Ethiopia,2016,4.5080,0.2928,0.3793,0.3458,0.3670,0.2952,0.1717
119,Ethiopia,2017,4.4600,0.3392,0.8647,0.3534,0.4088,0.3127,0.1655
127,Ethiopia,2018,4.3500,0.3080,0.9500,0.3910,0.4520,0.2200,0.1460
134,Ethiopia,2019,4.2860,0.3360,1.0330,0.5320,0.3440,0.2090,0.1000
6,Finland,2015,7.4060,1.2903,1.3183,0.8891,0.6417,0.2335,0.4137
5,Finland,2016,7.4130,1.4060,1.1346,0.8109,0.5710,0.2549,0.4100
5,Finland,2017,7.4690,1.4436,1.5402,0.8092,0.6180,0.2455,0.3826
1,Finland,2018,7.6320,1.3050,1.5920,0.8740,0.6810,0.2020,0.3930
1,Finland,2019,7.7690,1.3400,1.5870,0.9860,0.5960,0.1530,0.3930
29,France,2015,6.5750,1.2778,1.2604,0.9458,0.5501,0.1233,0.2065
32,France,2016,6.4780,1.3949,1.0051,0.8380,0.4656,0.1216,0.1781
31,France,2017,6.4420,1.4309,1.3878,0.8445,0.4702,0.1298,0.1725
23,France,2018,6.4890,1.2930,1.4660,0.9080,0.5200,0.0980,0.1760
24,France,2019,6.5920,1.3240,1.4720,1.0450,0.4360,0.1110,0.1830
143,Gabon,2015,3.8960,1.0602,0.9053,0.4337,0.3191,0.0682,0.1109
134,Gabon,2016,4.1210,1.1585,0.7237,0.3494,0.2810,0.0624,0.0931
118,Gabon,2017,4.4650,1.1982,1.1556,0.3566,0.3123,0.0438,0.0760
103,Gabon,2018,4.7580,1.0360,1.1640,0.4040,0.3560,0.0320,0.0520
104,Gabon,2019,4.7990,1.0570,1.1830,0.5710,0.2950,0.0430,0.0550
120,Gambia,2019,4.5160,0.3080,0.9390,0.4280,0.3820,0.2690,0.1670
130,Georgia,2015,4.2970,0.7419,0.3856,0.7293,0.4058,0.0555,0.3833
126,Georgia,2016,4.2520,0.8379,0.1925,0.6404,0.3246,0.0679,0.3188
125,Georgia,2017,4.2860,0.9506,0.5706,0.6495,0.3094,0.0540,0.2517
128,Georgia,2018,4.3400,0.8530,0.5920,0.6430,0.3750,0.0380,0.2150
119,Georgia,2019,4.5190,0.8860,0.6660,0.7520,0.3460,0.0430,0.1640
26,Germany,2015,6.7500,1.3279,1.2994,0.8919,0.6148,0.2821,0.2184
16,Germany,2016,6.9940,1.4479,1.0977,0.8149,0.5347,0.3045,0.2855
16,Germany,2017,6.9510,1.4879,1.4725,0.7990,0.5625,0.3363,0.2767
15,Germany,2018,6.9650,1.3400,1.4740,0.8610,0.5860,0.2730,0.2800
17,Germany,2019,6.9850,1.3730,1.4540,0.9870,0.4950,0.2610,0.2650
114,Ghana,2015,4.6330,0.5456,0.6795,0.4013,0.4234,0.2309,0.0436
124,Ghana,2016,4.2760,0.6311,0.4935,0.2968,0.4097,0.2120,0.0326
131,Ghana,2017,4.1200,0.6672,0.8737,0.2956,0.4230,0.2569,0.0253
108,Ghana,2018,4.6570,0.5920,0.8960,0.3370,0.4990,0.2120,0.0290
98,Ghana,2019,4.9960,0.6110,0.8680,0.4860,0.3810,0.2450,0.0400
102,Greece,2015,4.8570,1.1541,0.9293,0.8821,0.0770,0.0000,0.0140
99,Greece,2016,5.0330,1.2489,0.7547,0.8003,0.0582,0.0000,0.0413
87,Greece,2017,5.2270,1.2895,1.2394,0.8102,0.0957,0.0000,0.0433
79,Greece,2018,5.3580,1.1540,1.2020,0.8790,0.1310,0.0000,0.0440
82,Greece,2019,5.2870,1.1810,1.1560,0.9990,0.0670,0.0000,0.0340
43,Guatemala,2015,6.1230,0.7455,1.0436,0.6443,0.5773,0.2749,0.0947
39,Guatemala,2016,6.3240,0.8345,0.8712,0.5404,0.5038,0.2881,0.0870
29,Guatemala,2017,6.4540,0.8720,1.2556,0.5402,0.5313,0.2835,0.0772
30,Guatemala,2018,6.3820,0.7810,1.2680,0.6080,0.6040,0.1790,0.0710
27,Guatemala,2019,6.4360,0.8000,1.2690,0.7460,0.5350,0.1750,0.0780
150,Guinea,2015,3.6560,0.1742,0.4648,0.2401,0.3773,0.2866,0.1214
151,Guinea,2016,3.6070,0.2242,0.3109,0.1883,0.3095,0.2991,0.1192
149,Guinea,2017,3.5070,0.2445,0.7912,0.1941,0.3486,0.2648,0.1109
140,Guinea,2018,3.9640,0.3440,0.7920,0.2110,0.3940,0.1850,0.0940
118,Guinea,2019,4.5340,0.3800,0.8290,0.3750,0.3320,0.2070,0.0860
119,Haiti,2015,4.5180,0.2667,0.7430,0.3885,0.2443,0.4619,0.1718
136,Haiti,2016,4.0280,0.3410,0.2956,0.2749,0.1207,0.4796,0.1448
145,Haiti,2017,3.6030,0.3686,0.6404,0.2773,0.0304,0.4892,0.0999
148,Haiti,2018,3.5820,0.3150,0.7140,0.2890,0.0250,0.3920,0.1040
147,Haiti,2019,3.5970,0.3230,0.6880,0.4490,0.0260,0.4190,0.1100
105,Honduras,2015,4.7880,0.5953,0.9535,0.6951,0.4015,0.2303,0.0683
104,Honduras,2016,4.8710,0.6943,0.7560,0.5838,0.2676,0.2044,0.0691
91,Honduras,2017,5.1810,0.7306,1.1439,0.5826,0.3481,0.2362,0.0733
72,Honduras,2018,5.5040,0.6200,1.2050,0.6220,0.4590,0.1970,0.0740
59,Honduras,2019,5.8600,0.6420,1.2360,0.8280,0.5070,0.2460,0.0780
72,Hong Kong,2015,5.4740,1.3860,1.0582,1.0133,0.5961,0.3948,0.3712
75,Hong Kong,2016,5.4580,1.5107,0.8702,0.9528,0.4808,0.4010,0.3165
76,Hong Kong,2018,5.4300,1.4050,1.2900,1.0300,0.5240,0.2460,0.2910
76,Hong Kong,2019,5.4300,1.4380,1.2770,1.1220,0.4400,0.2580,0.2870
71,"Hong Kong S.A.R., China",2017,5.4720,1.5517,1.2628,0.9431,0.4910,0.3745,0.2939
104,Hungary,2015,4.8000,1.1209,1.2022,0.7591,0.3211,0.1280,0.0276
91,Hungary,2016,5.1450,1.2414,0.9316,0.6761,0.1977,0.0990,0.0447
75,Hungary,2017,5.3240,1.2860,1.3431,0.6878,0.1759,0.0784,0.0366
69,Hungary,2018,5.6200,1.1710,1.4010,0.7320,0.2590,0.0610,0.0220
62,Hungary,2019,5.7580,1.2010,1.4100,0.8280,0.1990,0.0810,0.0200
2,Iceland,2015,7.5610,1.3023,1.4022,0.9478,0.6288,0.4363,0.1415
3,Iceland,2016,7.5010,1.4267,1.1833,0.8673,0.5662,0.4768,0.1498
3,Iceland,2017,7.5040,1.4806,1.6106,0.8336,0.6272,0.4755,0.1535
4,Iceland,2018,7.4950,1.3430,1.6440,0.9140,0.6770,0.3530,0.1380
4,Iceland,2019,7.4940,1.3800,1.6240,1.0260,0.5910,0.3540,0.1180
117,India,2015,4.5650,0.6450,0.3817,0.5153,0.3979,0.2648,0.0849
118,India,2016,4.4040,0.7404,0.2925,0.4509,0.4029,0.2503,0.0872
122,India,2017,4.3150,0.7922,0.7544,0.4554,0.4700,0.2315,0.0922
133,India,2018,4.1900,0.7210,0.7470,0.4850,0.5390,0.1720,0.0930
140,India,2019,4.0150,0.7550,0.7650,0.5880,0.4980,0.2000,0.0850
74,Indonesia,2015,5.3990,0.8283,1.0871,0.6379,0.4661,0.5154,0.0000
79,Indonesia,2016,5.3140,0.9510,0.8763,0.4937,0.3924,0.5652,0.0032
81,Indonesia,2017,5.2620,0.9955,1.2744,0.4923,0.4433,0.6117,0.0153
96,Indonesia,2018,5.0930,0.8990,1.2150,0.5220,0.5380,0.4840,0.0180
92,Indonesia,2019,5.1920,0.9310,1.2030,0.6600,0.4910,0.4980,0.0280
110,Iran,2015,4.6860,1.0088,0.5445,0.6981,0.3003,0.3809,0.0586
105,Iran,2016,4.8130,1.1176,0.3886,0.6423,0.2254,0.3854,0.0557
108,Iran,2017,4.6920,1.1569,0.7116,0.6393,0.2493,0.3872,0.0488
106,Iran,2018,4.7070,1.0590,0.7710,0.6910,0.4590,0.2820,0.1290
117,Iran,2019,4.5480,1.1000,0.8420,0.7850,0.3050,0.2700,0.1250
112,Iraq,2015,4.6770,0.9855,0.8189,0.6024,0.0000,0.1792,0.1379
112,Iraq,2016,4.5750,1.0747,0.5921,0.5108,0.2486,0.1959,0.1364
117,Iraq,2017,4.4970,1.1027,0.9786,0.5012,0.2886,0.1996,0.1072
117,Iraq,2018,4.4560,1.0100,0.9710,0.5360,0.3040,0.1480,0.0950
126,Iraq,2019,4.4370,1.0430,0.9800,0.5740,0.2410,0.1480,0.0890
18,Ireland,2015,6.9400,1.3360,1.3695,0.8953,0.6178,0.4590,0.2870
19,Ireland,2016,6.9070,1.4834,1.1616,0.8146,0.5401,0.4496,0.2975
15,Ireland,2017,6.9770,1.5357,1.5582,0.8098,0.5731,0.4279,0.2984
14,Ireland,2018,6.9770,1.4480,1.5830,0.8760,0.6140,0.3070,0.3060
16,Ireland,2019,7.0210,1.4990,1.5530,0.9990,0.5160,0.2980,0.3100
11,Israel,2015,7.2780,1.2286,1.2239,0.9139,0.4132,0.3317,0.0779
11,Israel,2016,7.2670,1.3377,0.9954,0.8492,0.3643,0.3229,0.0873
11,Israel,2017,7.2130,1.3754,1.3763,0.8384,0.4060,0.3301,0.0852
19,Israel,2018,6.8140,1.3010,1.5590,0.8830,0.5330,0.3540,0.2720
13,Israel,2019,7.1390,1.2760,1.4550,1.0290,0.3710,0.2610,0.0820
50,Italy,2015,5.9480,1.2511,1.1978,0.9545,0.2624,0.2282,0.0290
50,Italy,2016,5.9770,1.3550,1.0417,0.8510,0.1883,0.1668,0.0256
48,Italy,2017,5.9640,1.3951,1.4449,0.8531,0.2565,0.1728,0.0280
47,Italy,2018,6.0000,1.2640,1.5010,0.9460,0.2810,0.1370,0.0280
36,Italy,2019,6.2230,1.2940,1.4880,1.0390,0.2310,0.1580,0.0300
151,Ivory Coast,2015,3.6550,0.4653,0.7712,0.1519,0.4687,0.2017,0.1792
139,Ivory Coast,2016,3.9160,0.5551,0.5758,0.0448,0.4066,0.2034,0.1553
128,Ivory Coast,2017,4.1800,0.6030,0.9048,0.0486,0.4477,0.2012,0.1301
107,Ivory Coast,2018,4.6710,0.5410,0.8720,0.0800,0.4670,0.1460,0.1030
99,Ivory Coast,2019,4.9440,0.5690,0.8080,0.2320,0.3520,0.1540,0.0900
65,Jamaica,2015,5.7090,0.8104,1.1510,0.6874,0.5044,0.2123,0.0230
73,Jamaica,2016,5.5100,0.8933,0.9637,0.5947,0.4360,0.2225,0.0429
76,Jamaica,2017,5.3110,0.9256,1.3682,0.6410,0.4743,0.2338,0.0553
56,Jamaica,2018,5.8900,0.8190,1.4930,0.6930,0.5750,0.0960,0.0310
56,Jamaica,2019,5.8900,0.8310,1.4780,0.8310,0.4900,0.1070,0.0280
46,Japan,2015,5.9870,1.2707,1.2571,0.9911,0.4962,0.1071,0.1806
53,Japan,2016,5.9210,1.3801,1.0605,0.9149,0.4676,0.1022,0.1899
51,Japan,2017,5.9200,1.4169,1.4363,0.9135,0.5056,0.1206,0.1638
54,Japan,2018,5.9150,1.2940,1.4620,0.9880,0.5530,0.0790,0.1500
58,Japan,2019,5.8860,1.3270,1.4190,1.0880,0.4450,0.0690,0.1400
82,Jordan,2015,5.1920,0.9020,1.0539,0.6964,0.4066,0.1105,0.1429
80,Jordan,2016,5.3030,0.9967,0.8622,0.6071,0.3602,0.1426,0.1330
74,Jordan,2017,5.3360,0.9910,1.2391,0.6046,0.4184,0.1722,0.1198
90,Jordan,2018,5.1610,0.8220,1.2650,0.6450,0.4680,0.1300,0.1340
101,Jordan,2019,4.9060,0.8370,1.2250,0.8150,0.3830,0.1100,0.1300
54,Kazakhstan,2015,5.8550,1.1225,1.1224,0.6437,0.5165,0.1183,0.0845
54,Kazakhstan,2016,5.9190,1.2294,0.9554,0.5739,0.4052,0.1501,0.1113
60,Kazakhstan,2017,5.8190,1.2846,1.3844,0.6060,0.4375,0.2020,0.1193
60,Kazakhstan,2018,5.7900,1.1430,1.5160,0.6310,0.4540,0.1480,0.1210
60,Kazakhstan,2019,5.8090,1.1730,1.5080,0.7290,0.4100,0.1460,0.0960
125,Kenya,2015,4.4190,0.3647,0.9988,0.4144,0.4222,0.3754,0.0584
122,Kenya,2016,4.3560,0.5227,0.7624,0.3015,0.4058,0.4133,0.0669
112,Kenya,2017,4.5530,0.5605,1.0680,0.3100,0.4528,0.4449,0.0646
124,Kenya,2018,4.4100,0.4930,1.0480,0.4540,0.5040,0.3520,0.0550
121,Kenya,2019,4.5090,0.5120,0.9830,0.5810,0.4310,0.3720,0.0530
69,Kosovo,2015,5.5890,0.8015,0.8120,0.6313,0.2475,0.2831,0.0474
77,Kosovo,2016,5.4010,0.9015,0.6606,0.5400,0.1440,0.2799,0.0655
78,Kosovo,2017,5.2790,0.9515,1.1379,0.5415,0.2603,0.3199,0.0575
66,Kosovo,2018,5.6620,0.8550,1.2300,0.5780,0.4480,0.2740,0.0230
46,Kosovo,2019,6.1000,0.8820,1.2320,0.7580,0.4890,0.2620,0.0060
39,Kuwait,2015,6.2950,1.5542,1.1659,0.7249,0.5550,0.1623,0.2561
41,Kuwait,2016,6.2390,1.6171,0.8776,0.6357,0.4317,0.1597,0.2367
39,Kuwait,2017,6.1050,1.6330,1.2597,0.6321,0.4963,0.2283,0.2152
45,Kuwait,2018,6.0830,1.4740,1.3010,0.6750,0.5540,0.1670,0.1060
51,Kuwait,2019,6.0210,1.5000,1.3190,0.8080,0.4930,0.1420,0.0970
77,Kyrgyzstan,2015,5.2860,0.4743,1.1512,0.6509,0.4348,0.3003,0.0423
85,Kyrgyzstan,2016,5.1850,0.5604,0.9543,0.5545,0.4021,0.3843,0.0476
98,Kyrgyzstan,2017,5.0040,0.5962,1.3942,0.5535,0.4549,0.4286,0.0394
92,Kyrgyzstan,2018,5.1310,0.5300,1.4160,0.5940,0.5400,0.2810,0.0350
86,Kyrgyzstan,2019,5.2610,0.5510,1.4380,0.7230,0.5080,0.3000,0.0230
99,Laos,2015,4.8760,0.5907,0.7380,0.5491,0.5959,0.4219,0.2425
102,Laos,2016,4.8760,0.6804,0.5497,0.3829,0.5217,0.4308,0.2242
110,Laos,2018,4.6230,0.7200,1.0340,0.4410,0.6260,0.2300,0.1740
105,Laos,2019,4.7960,0.7640,1.0300,0.5510,0.5470,0.2660,0.1640
89,Latvia,2015,5.0980,1.1131,1.0956,0.7244,0.2967,0.1823,0.0633
68,Latvia,2016,5.5600,1.2179,0.9503,0.6395,0.2800,0.1745,0.0889
54,Latvia,2017,5.8500,1.2607,1.4047,0.6386,0.3257,0.1531,0.0738
53,Latvia,2018,5.9330,1.1480,1.4540,0.6710,0.3630,0.0920,0.0660
53,Latvia,2019,5.9400,1.1870,1.4650,0.8120,0.2640,0.0750,0.0640
103,Lebanon,2015,4.8390,1.0256,0.8000,0.8395,0.3392,0.2185,0.0458
93,Lebanon,2016,5.1290,1.1227,0.6418,0.7617,0.2623,0.2369,0.0306
88,Lebanon,2017,5.2250,1.0750,1.1296,0.7351,0.2885,0.2645,0.0375
80,Lebanon,2018,5.3580,0.9650,1.1790,0.7850,0.5030,0.2140,0.1360
91,Lebanon,2019,5.1970,0.9870,1.2240,0.8150,0.2160,0.1660,0.0270
97,Lesotho,2015,4.8980,0.3755,1.0410,0.0761,0.3177,0.1639,0.1250
139,Lesotho,2017,3.8080,0.5210,1.1901,0.0000,0.3907,0.1575,0.1191
141,Lesotho,2018,3.8080,0.4720,1.2150,0.0790,0.4230,0.1160,0.1120
144,Lesotho,2019,3.8020,0.4890,1.1690,0.1680,0.3590,0.1070,0.0930
116,Liberia,2015,4.5710,0.0712,0.7897,0.3420,0.2853,0.2436,0.0623
150,Liberia,2016,3.6220,0.1071,0.5035,0.2317,0.2575,0.2406,0.0485
148,Liberia,2017,3.5330,0.1190,0.8721,0.2299,0.3329,0.2665,0.0389
149,Liberia,2018,3.4950,0.0760,0.8580,0.2670,0.4190,0.2060,0.0300
141,Liberia,2019,3.9750,0.0730,0.9220,0.4430,0.3700,0.2330,0.0330
63,Libya,2015,5.7540,1.1315,1.1186,0.7038,0.4167,0.1830,0.1102
67,Libya,2016,5.6150,1.0669,0.9508,0.5230,0.4067,0.1709,0.1034
68,Libya,2017,5.5250,1.1018,1.3576,0.5202,0.4657,0.1521,0.0926
70,Libya,2018,5.5660,0.9850,1.3500,0.5530,0.4960,0.1160,0.1480
72,Libya,2019,5.5250,1.0440,1.3030,0.6730,0.4160,0.1330,0.1520
56,Lithuania,2015,5.8330,1.1472,1.2575,0.7313,0.2134,0.0264,0.0103
60,Lithuania,2016,5.8130,1.2692,1.0641,0.6467,0.1893,0.0203,0.0182
52,Lithuania,2017,5.9020,1.3146,1.4735,0.6289,0.2342,0.0102,0.0119
50,Lithuania,2018,5.9520,1.1970,1.5270,0.7160,0.3500,0.0260,0.0060
42,Lithuania,2019,6.1490,1.2380,1.5150,0.8180,0.2910,0.0430,0.0420
17,Luxembourg,2015,6.9460,1.5639,1.2196,0.9189,0.6158,0.2803,0.3780
20,Luxembourg,2016,6.8710,1.6975,1.0400,0.8454,0.5487,0.2757,0.3533
18,Luxembourg,2017,6.8630,1.7419,1.4576,0.8451,0.5966,0.2832,0.3188
17,Luxembourg,2018,6.9100,1.5760,1.5200,0.8960,0.6320,0.1960,0.3210
14,Luxembourg,2019,7.0900,1.6090,1.4790,1.0120,0.5260,0.1940,0.3160
93,Macedonia,2015,5.0070,0.9185,1.0023,0.7355,0.3346,0.2236,0.0533
95,Macedonia,2016,5.1210,1.0193,0.7824,0.6474,0.2767,0.2351,0.0705
92,Macedonia,2017,5.1750,1.0646,1.2079,0.6449,0.3259,0.2538,0.0603
89,Macedonia,2018,5.1850,0.9590,1.2390,0.6910,0.3940,0.1730,0.0520
147,Madagascar,2015,3.6810,0.2082,0.6680,0.4672,0.1918,0.2133,0.0812
148,Madagascar,2016,3.6950,0.2795,0.4612,0.3711,0.1368,0.2204,0.0751
144,Madagascar,2017,3.6440,0.3058,0.9130,0.3752,0.1892,0.2087,0.0672
143,Madagascar,2018,3.7740,0.2620,0.9080,0.4020,0.2210,0.1550,0.0490
143,Madagascar,2019,3.9330,0.2740,0.9160,0.5550,0.1480,0.1690,0.0410
131,Malawi,2015,4.2920,0.0160,0.4113,0.2256,0.4305,0.3313,0.0698
132,Malawi,2016,4.1560,0.0871,0.1470,0.2936,0.4143,0.3097,0.0756
136,Malawi,2017,3.9700,0.2334,0.5126,0.3151,0.4669,0.2872,0.0727
147,Malawi,2018,3.5870,0.1860,0.5410,0.3060,0.5310,0.2100,0.0800
150,Malawi,2019,3.4100,0.1910,0.5600,0.4950,0.4430,0.2180,0.0890
61,Malaysia,2015,5.7700,1.1249,1.0702,0.7239,0.5302,0.3308,0.1050
47,Malaysia,2016,6.0050,1.2514,0.8803,0.6237,0.3903,0.4147,0.0908
42,Malaysia,2017,6.0840,1.2912,1.2846,0.6188,0.4023,0.4166,0.0656
35,Malaysia,2018,6.3220,1.1610,1.2580,0.6690,0.3560,0.3110,0.0590
80,Malaysia,2019,5.3390,1.2210,1.1710,0.8280,0.5080,0.2600,0.0240
138,Mali,2015,3.9950,0.2607,1.0353,0.2058,0.3886,0.1880,0.1235
135,Mali,2016,4.0730,0.3129,0.8633,0.1635,0.2754,0.2106,0.1365
127,Mali,2017,4.1900,0.4762,1.2815,0.1694,0.3066,0.1834,0.1050
118,Mali,2018,4.4470,0.3700,1.2330,0.1520,0.3670,0.1390,0.0560
128,Mali,2019,4.3900,0.3850,1.1050,0.3080,0.3270,0.1530,0.0520
37,Malta,2015,6.3020,1.2074,1.3020,0.8872,0.6037,0.5175,0.1359
30,Malta,2016,6.4880,1.3078,1.0988,0.8032,0.5499,0.5624,0.1755
27,Malta,2017,6.5270,1.3433,1.4884,0.8219,0.5888,0.5747,0.1531
22,Malta,2018,6.6270,1.2700,1.5250,0.8840,0.6450,0.3760,0.1420
22,Malta,2019,6.7260,1.3000,1.5200,0.9990,0.5640,0.3750,0.1510
124,Mauritania,2015,4.4360,0.4541,0.8691,0.3587,0.2423,0.2190,0.1746
130,Mauritania,2016,4.2010,0.6139,0.8414,0.2864,0.1268,0.2269,0.1796
123,Mauritania,2017,4.2920,0.6485,1.2720,0.2853,0.0961,0.2019,0.1370
126,Mauritania,2018,4.3560,0.5570,1.2450,0.2920,0.1290,0.1340,0.0930
122,Mauritania,2019,4.4900,0.5700,1.1670,0.4890,0.0660,0.1060,0.0880
71,Mauritius,2015,5.4770,1.0076,0.9852,0.7095,0.5607,0.3774,0.0752
66,Mauritius,2016,5.6480,1.1437,0.7570,0.6619,0.4615,0.3695,0.0520
64,Mauritius,2017,5.6290,1.1894,1.2096,0.6380,0.4912,0.3609,0.0422
55,Mauritius,2018,5.8910,1.0900,1.3870,0.6840,0.5840,0.2450,0.0500
57,Mauritius,2019,5.8880,1.1200,1.4020,0.7980,0.4980,0.2150,0.0600
14,Mexico,2015,7.1870,1.0205,0.9145,0.8144,0.4818,0.1407,0.2131
21,Mexico,2016,6.7780,1.1151,0.7146,0.7114,0.3771,0.1174,0.1836
25,Mexico,2017,6.5780,1.1532,1.2109,0.7100,0.4127,0.1210,0.1328
24,Mexico,2018,6.4880,1.0380,1.2520,0.7610,0.4790,0.0690,0.0950
23,Mexico,2019,6.5950,1.0700,1.3230,0.8610,0.4330,0.0740,0.0730
52,Moldova,2015,5.8890,0.5945,1.0153,0.6183,0.3282,0.2095,0.0162
55,Moldova,2016,5.8970,0.6918,0.8313,0.5231,0.2520,0.2000,0.0190
56,Moldova,2017,5.8380,0.7289,1.2518,0.5895,0.2407,0.2088,0.0101
67,Moldova,2018,5.6400,0.6570,1.3010,0.6200,0.2320,0.1710,0.0000
71,Moldova,2019,5.5290,0.6850,1.3280,0.7390,0.2450,0.1810,0.0000
100,Mongolia,2015,4.8740,0.8282,1.3006,0.6027,0.4363,0.3323,0.0267
101,Mongolia,2016,4.9070,0.9885,1.0898,0.5547,0.3597,0.3454,0.0329
100,Mongolia,2017,4.9550,1.0272,1.4930,0.5578,0.3941,0.3385,0.0329
94,Mongolia,2018,5.1250,0.9140,1.5170,0.5750,0.3950,0.2530,0.0320
83,Mongolia,2019,5.2850,0.9480,1.5310,0.6670,0.3170,0.2350,0.0380
82,Montenegro,2015,5.1920,0.9744,0.9056,0.7252,0.1826,0.1614,0.1430
88,Montenegro,2016,5.1610,1.0784,0.7417,0.6353,0.1511,0.1719,0.1272
83,Montenegro,2017,5.2370,1.1211,1.2384,0.6675,0.1950,0.1979,0.0882
81,Montenegro,2018,5.3470,1.0170,1.2790,0.7290,0.2590,0.1110,0.0810
73,Montenegro,2019,5.5230,1.0510,1.3610,0.8710,0.1970,0.1420,0.0800
92,Morocco,2015,5.0130,0.7348,0.6410,0.6095,0.4169,0.0717,0.0855
90,Morocco,2016,5.1510,0.8406,0.3860,0.5947,0.2565,0.0405,0.0840
84,Morocco,2017,5.2350,0.8781,0.7749,0.5977,0.4082,0.0322,0.0878
85,Morocco,2018,5.2540,0.7790,0.7970,0.6690,0.4600,0.0260,0.0740
89,Morocco,2019,5.2080,0.8010,0.7820,0.7820,0.4180,0.0360,0.0760
94,Mozambique,2015,4.9710,0.0831,1.0263,0.0913,0.3404,0.2227,0.1560
113,Mozambique,2017,4.5500,0.2343,0.8707,0.1067,0.4808,0.3222,0.1794
123,Mozambique,2018,4.4170,0.1980,0.9020,0.1730,0.5310,0.2060,0.1580
123,Mozambique,2019,4.4660,0.2040,0.9860,0.3900,0.4940,0.1970,0.1380
129,Myanmar,2015,4.3070,0.2711,0.7091,0.4825,0.4402,0.7959,0.1903
119,Myanmar,2016,4.3950,0.3411,0.6998,0.3988,0.4269,0.8197,0.2024
114,Myanmar,2017,4.5450,0.3671,1.1232,0.3975,0.5145,0.8381,0.1888
130,Myanmar,2018,4.3080,0.6820,1.1740,0.4290,0.5800,0.5980,0.1780
131,Myanmar,2019,4.3600,0.7100,1.1810,0.5550,0.5250,0.5660,0.1720
113,Namibia,2016,4.5740,0.9329,0.7036,0.3475,0.4861,0.0780,0.1040
111,Namibia,2017,4.5740,0.9644,1.0985,0.3386,0.5203,0.0771,0.0931
119,Namibia,2018,4.4410,0.8740,1.2810,0.3650,0.5190,0.0510,0.0640
113,Namibia,2019,4.6390,0.8790,1.3130,0.4770,0.4010,0.0700,0.0560
121,Nepal,2015,4.5140,0.3600,0.8645,0.5687,0.3828,0.3230,0.0591
107,Nepal,2016,4.7930,0.4463,0.6970,0.5007,0.3701,0.3816,0.0701
99,Nepal,2017,4.9620,0.4798,1.1793,0.5041,0.4403,0.3941,0.0730
101,Nepal,2018,4.8800,0.4250,1.2280,0.5390,0.5260,0.3020,0.0780
100,Nepal,2019,4.9130,0.4460,1.2260,0.6770,0.4390,0.2850,0.0890
7,Netherlands,2015,7.3780,1.3294,1.2802,0.8928,0.6158,0.4761,0.3181
7,Netherlands,2016,7.3390,1.4647,1.0291,0.8123,0.5521,0.4742,0.2993
6,Netherlands,2017,7.3770,1.5039,1.4289,0.8107,0.5854,0.4705,0.2827
6,Netherlands,2018,7.4410,1.3610,1.4880,0.8780,0.6380,0.3330,0.2950
5,Netherlands,2019,7.4880,1.3960,1.5220,0.9990,0.5570,0.3220,0.2980
9,New Zealand,2015,7.2860,1.2502,1.3197,0.9084,0.6394,0.4750,0.4292
8,New Zealand,2016,7.3340,1.3607,1.1728,0.8310,0.5815,0.4940,0.4190
8,New Zealand,2017,7.3140,1.4057,1.5482,0.8168,0.6141,0.5000,0.3828
8,New Zealand,2018,7.3240,1.2680,1.6010,0.8760,0.6690,0.3650,0.3890
8,New Zealand,2019,7.3070,1.3030,1.5570,1.0260,0.5850,0.3300,0.3800
57,Nicaragua,2015,5.8280,0.5933,1.1418,0.7431,0.5548,0.2782,0.1932
48,Nicaragua,2016,5.9920,0.6938,0.8952,0.6521,0.4658,0.2977,0.1629
43,Nicaragua,2017,6.0710,0.7373,1.2872,0.6531,0.4476,0.3017,0.1307
41,Nicaragua,2018,6.1410,0.6680,1.3190,0.7000,0.5270,0.2080,0.1280
45,Nicaragua,2019,6.1050,0.6940,1.3250,0.8350,0.4350,0.2000,0.1270
144,Niger,2015,3.8450,0.0694,0.7727,0.2971,0.4769,0.1939,0.1564
142,Niger,2016,3.8560,0.1327,0.6053,0.2616,0.3804,0.2097,0.1718
135,Niger,2017,4.0280,0.1619,0.9930,0.2685,0.3637,0.2287,0.1386
134,Niger,2018,4.1660,0.1310,0.8670,0.2210,0.3900,0.1750,0.0990
114,Niger,2019,4.6280,0.1380,0.7740,0.3660,0.3180,0.1880,0.1020
78,Nigeria,2015,5.2680,0.6544,0.9043,0.1601,0.3433,0.2723,0.0403
103,Nigeria,2016,4.8750,0.7522,0.6450,0.0511,0.2785,0.2322,0.0305
95,Nigeria,2017,5.0740,0.7838,1.2158,0.0569,0.3950,0.2309,0.0261
91,Nigeria,2018,5.1550,0.6890,1.1720,0.0480,0.4620,0.2010,0.0320
85,Nigeria,2019,5.2650,0.6960,1.1110,0.2450,0.4260,0.2150,0.0410
66,North Cyprus,2015,5.6950,1.2081,1.0701,0.9236,0.4903,0.2617,0.1428
62,North Cyprus,2016,5.7710,1.3114,0.8183,0.8414,0.4360,0.2632,0.1658
61,North Cyprus,2017,5.8100,1.3469,1.1863,0.8346,0.4712,0.2668,0.1554
84,North Macedonia,2019,5.2740,0.9830,1.2940,0.8380,0.3450,0.1850,0.0340
58,Northern Cyprus,2018,5.8350,1.2290,1.2110,0.9090,0.4950,0.1790,0.1540
64,Northern Cyprus,2019,5.7180,1.2630,1.2520,1.0420,0.4170,0.1910,0.1620
4,Norway,2015,7.5220,1.4590,1.3310,0.8852,0.6697,0.3470,0.3650
4,Norway,2016,7.4980,1.5774,1.1269,0.7958,0.5961,0.3790,0.3578
1,Norway,2017,7.5370,1.6165,1.5335,0.7967,0.6354,0.3620,0.3160
2,Norway,2018,7.5940,1.4560,1.5820,0.8610,0.6860,0.2860,0.3400
3,Norway,2019,7.5540,1.4880,1.5820,1.0280,0.6030,0.2710,0.3410
22,Oman,2015,6.8530,1.3601,1.0818,0.7628,0.6327,0.2154,0.3252
81,Pakistan,2015,5.1940,0.5954,0.4141,0.5147,0.1210,0.3367,0.1046
92,Pakistan,2016,5.1320,0.6882,0.2614,0.4031,0.1462,0.3119,0.1388
80,Pakistan,2017,5.2690,0.7269,0.6727,0.4020,0.2352,0.3154,0.1243
75,Pakistan,2018,5.4720,0.6520,0.8100,0.4240,0.3340,0.2160,0.1130
67,Pakistan,2019,5.6530,0.6770,0.8860,0.5350,0.3130,0.2200,0.0980
108,Palestinian Territories,2015,4.7150,0.5987,0.9256,0.6602,0.2450,0.1125,0.1291
108,Palestinian Territories,2016,4.7540,0.6702,0.7163,0.5684,0.1774,0.1115,0.1061
103,Palestinian Territories,2017,4.7750,0.7162,1.1556,0.5657,0.2547,0.1142,0.0893
104,Palestinian Territories,2018,4.7430,0.6420,1.2170,0.6020,0.2660,0.0860,0.0760
110,Palestinian Territories,2019,4.6960,0.6570,1.2470,0.6720,0.2250,0.1030,0.0660
25,Panama,2015,6.7860,1.0635,1.1985,0.7966,0.5421,0.2443,0.0927
25,Panama,2016,6.7010,1.1831,0.9891,0.7084,0.4893,0.2418,0.0842
30,Panama,2017,6.4520,1.2337,1.3732,0.7062,0.5500,0.2106,0.0710
27,Panama,2018,6.4300,1.1120,1.4380,0.7590,0.5970,0.1250,0.0630
31,Panama,2019,6.3210,1.1490,1.4420,0.9100,0.5160,0.1090,0.0540
53,Paraguay,2015,5.8780,0.7599,1.3048,0.6610,0.5390,0.3424,0.0824
70,Paraguay,2016,5.5380,0.8937,1.1111,0.5830,0.4624,0.2530,0.0740
70,Paraguay,2017,5.4930,0.9325,1.5073,0.5793,0.4735,0.2242,0.0911
64,Paraguay,2018,5.6810,0.8350,1.5220,0.6150,0.5410,0.1620,0.0740
63,Paraguay,2019,5.7430,0.8550,1.4750,0.7770,0.5140,0.1840,0.0800
58,Peru,2015,5.8240,0.9002,0.9746,0.7302,0.4150,0.1498,0.0599
64,Peru,2016,5.7430,0.9960,0.8126,0.6299,0.3750,0.1453,0.0529
63,Peru,2017,5.7150,1.0352,1.2188,0.6302,0.4500,0.1268,0.0470
65,Peru,2018,5.6630,0.9340,1.2490,0.6740,0.5300,0.0920,0.0340
65,Peru,2019,5.6970,0.9600,1.2740,0.8540,0.4550,0.0830,0.0270
90,Philippines,2015,5.0730,0.7053,1.0352,0.5811,0.6255,0.2499,0.1228
82,Philippines,2016,5.2790,0.8122,0.8788,0.4704,0.5485,0.2167,0.1176
72,Philippines,2017,5.4300,0.8577,1.2539,0.4680,0.5852,0.1935,0.0993
71,Philippines,2018,5.5240,0.7750,1.3120,0.5130,0.6430,0.1200,0.1050
69,Philippines,2019,5.6310,0.8070,1.2930,0.6570,0.5580,0.1170,0.1070
60,Poland,2015,5.7910,1.1256,1.2795,0.7790,0.5312,0.1676,0.0421
57,Poland,2016,5.8350,1.2459,1.0469,0.6906,0.4519,0.1444,0.0550
46,Poland,2017,5.9730,1.2918,1.4457,0.6995,0.5203,0.1585,0.0593
42,Poland,2018,6.1230,1.1760,1.4480,0.7810,0.5460,0.1080,0.0640
40,Poland,2019,6.1820,1.2060,1.4380,0.8840,0.4830,0.1170,0.0500
88,Portugal,2015,5.1020,1.1599,1.1394,0.8752,0.5147,0.1372,0.0108
94,Portugal,2016,5.1230,1.2761,0.9437,0.7936,0.4473,0.1169,0.0152
89,Portugal,2017,5.1950,1.3152,1.3670,0.7958,0.4985,0.0951,0.0159
77,Portugal,2018,5.4100,1.1880,1.4290,0.8840,0.5620,0.0550,0.0170
66,Portugal,2019,5.6930,1.2210,1.4310,0.9990,0.5080,0.0470,0.0250
15,Puerto Rico,2016,7.0390,1.3594,1.0811,0.7776,0.4682,0.2220,0.1228
28,Qatar,2015,6.6110,1.6904,1.0786,0.7973,0.6404,0.3257,0.5221
36,Qatar,2016,6.3750,1.8243,0.8796,0.7172,0.5668,0.3239,0.4805
35,Qatar,2017,6.3750,1.8708,1.2743,0.7101,0.6041,0.3305,0.4393
32,Qatar,2018,6.3740,1.6490,1.3030,0.7480,0.6540,0.2560,0.1710
29,Qatar,2019,6.3740,1.6840,1.3130,0.8710,0.5550,0.2200,0.1670
86,Romania,2015,5.1240,1.0435,0.8859,0.7689,0.3507,0.1375,0.0065
71,Romania,2016,5.5280,1.1697,0.7280,0.6760,0.3671,0.1289,0.0068
57,Romania,2017,5.8250,1.2177,1.1501,0.6852,0.4570,0.1335,0.0044
52,Romania,2018,5.9450,1.1160,1.2190,0.7260,0.5280,0.0880,0.0010
48,Romania,2019,6.0700,1.1620,1.2320,0.8250,0.4620,0.0830,0.0050
64,Russia,2015,5.7160,1.1376,1.2362,0.6693,0.3668,0.0020,0.0301
56,Russia,2016,5.8560,1.2323,1.0526,0.5899,0.3268,0.0274,0.0359
49,Russia,2017,5.9630,1.2818,1.4693,0.5473,0.3738,0.0523,0.0330
59,Russia,2018,5.8100,1.1510,1.4790,0.5990,0.3990,0.0650,0.0250
68,Russia,2019,5.6480,1.1830,1.4520,0.7260,0.3340,0.0820,0.0310
154,Rwanda,2015,3.4650,0.2221,0.7737,0.4286,0.5920,0.2263,0.5519
152,Rwanda,2016,3.5150,0.3285,0.6159,0.3187,0.5432,0.2355,0.5052
151,Rwanda,2017,3.4710,0.3687,0.9457,0.3264,0.5818,0.2528,0.4552
151,Rwanda,2018,3.4080,0.3320,0.8960,0.4000,0.6360,0.2000,0.4440
152,Rwanda,2019,3.3340,0.3590,0.7110,0.6140,0.5550,0.2170,0.4110
35,Saudi Arabia,2015,6.4110,1.3954,1.0839,0.7203,0.3105,0.1371,0.3252
34,Saudi Arabia,2016,6.3790,1.4895,0.8483,0.5927,0.3790,0.1546,0.3001
37,Saudi Arabia,2017,6.3440,1.5306,1.2867,0.5901,0.4498,0.1476,0.2734
33,Saudi Arabia,2018,6.3710,1.3790,1.3310,0.6330,0.5090,0.0980,0.1270
28,Saudi Arabia,2019,6.3750,1.4030,1.3570,0.7950,0.4390,0.0800,0.1320
142,Senegal,2015,3.9040,0.3650,0.9762,0.4354,0.3677,0.2084,0.1071
128,Senegal,2016,4.2190,0.4431,0.7742,0.4046,0.3106,0.1910,0.1168
115,Senegal,2017,4.5350,0.4793,1.1797,0.4094,0.3779,0.1835,0.1155
109,Senegal,2018,4.6310,0.4290,1.1170,0.4330,0.4060,0.1380,0.0820
111,Senegal,2019,4.6810,0.4500,1.1340,0.5710,0.2920,0.1530,0.0720
87,Serbia,2015,5.1230,0.9205,1.0096,0.7484,0.2011,0.1923,0.0262
86,Serbia,2016,5.1770,1.0344,0.8133,0.6458,0.1572,0.2074,0.0434
73,Serbia,2017,5.3950,1.0693,1.2582,0.6508,0.2087,0.2201,0.0409
78,Serbia,2018,5.3980,0.9750,1.3690,0.6850,0.2880,0.1340,0.0430
70,Serbia,2019,5.6030,1.0040,1.3830,0.8540,0.2820,0.1370,0.0390
123,Sierra Leone,2015,4.5070,0.3302,0.9557,0.0000,0.4084,0.2149,0.0879
111,Sierra Leone,2016,4.6350,0.3649,0.6280,0.0000,0.3069,0.2390,0.0820
106,Sierra Leone,2017,4.7090,0.3684,0.9841,0.0056,0.3187,0.2930,0.0711
113,Sierra Leone,2018,4.5710,0.2560,0.8130,0.0000,0.3550,0.2380,0.0530
129,Sierra Leone,2019,4.3740,0.2680,0.8410,0.2420,0.3090,0.2520,0.0450
24,Singapore,2015,6.7980,1.5219,1.0200,1.0253,0.5425,0.3111,0.4921
22,Singapore,2016,6.7390,1.6456,0.8676,0.9472,0.4877,0.3271,0.4699
26,Singapore,2017,6.5720,1.6923,1.3538,0.9495,0.5498,0.3460,0.4643
34,Singapore,2018,6.3430,1.5290,1.4510,1.0080,0.6310,0.2610,0.4570
34,Singapore,2019,6.2620,1.5720,1.4630,1.1410,0.5560,0.2710,0.4530
45,Slovakia,2015,5.9950,1.1689,1.2700,0.7890,0.3175,0.1689,0.0343
45,Slovakia,2016,6.0780,1.2797,1.0827,0.7037,0.2339,0.1384,0.0295
40,Slovakia,2017,6.0980,1.3254,1.5051,0.7127,0.2958,0.1365,0.0242
39,Slovakia,2018,6.1730,1.2100,1.5370,0.7760,0.3540,0.1180,0.0140
38,Slovakia,2019,6.1980,1.2460,1.5040,0.8810,0.3340,0.1210,0.0140
55,Slovenia,2015,5.8480,1.1850,1.2739,0.8734,0.6086,0.2533,0.0379
63,Slovenia,2016,5.7680,1.2995,1.0561,0.7915,0.5316,0.2574,0.0364
62,Slovenia,2017,5.7580,1.3412,1.4525,0.7908,0.5726,0.2426,0.0451
51,Slovenia,2018,5.9480,1.2190,1.5060,0.8560,0.6330,0.1600,0.0510
44,Slovenia,2019,6.1180,1.2580,1.5230,0.9530,0.5640,0.1440,0.0570
76,Somalia,2016,5.4400,0.0000,0.3361,0.1147,0.5678,0.2723,0.3118
93,Somalia,2017,5.1510,0.0226,0.7212,0.1140,0.6021,0.2916,0.2824
98,Somalia,2018,4.9820,0.0000,0.7120,0.1150,0.6740,0.2380,0.2820
112,Somalia,2019,4.6680,0.0000,0.6980,0.2680,0.5590,0.2430,0.2700
91,Somaliland Region,2015,5.0570,0.1885,0.9515,0.4387,0.4658,0.5032,0.3993
97,Somaliland Region,2016,5.0570,0.2556,0.7586,0.3311,0.3913,0.5148,0.3679
113,South Africa,2015,4.6420,0.9205,1.1847,0.2769,0.3321,0.1197,0.0888
116,South Africa,2016,4.4590,1.0242,0.9605,0.1861,0.4248,0.1366,0.0842
101,South Africa,2017,4.8290,1.0547,1.3848,0.1871,0.4792,0.1394,0.0725
105,South Africa,2018,4.7240,0.9400,1.4100,0.3300,0.5160,0.1030,0.0560
106,South Africa,2019,4.7220,0.9600,1.3510,0.4690,0.3890,0.1300,0.0550
47,South Korea,2015,5.9840,1.2446,0.9577,0.9654,0.3321,0.1856,0.0786
57,South Korea,2016,5.8350,1.3595,0.7219,0.8865,0.2517,0.1882,0.0772
55,South Korea,2017,5.8380,1.4017,1.1283,0.9002,0.2579,0.2067,0.0633
57,South Korea,2018,5.8750,1.2660,1.2040,0.9550,0.2440,0.1750,0.0510
54,South Korea,2019,5.8950,1.3010,1.2190,1.0360,0.1590,0.1750,0.0560
143,South Sudan,2016,3.8320,0.3939,0.1852,0.1578,0.1966,0.2590,0.1302
147,South Sudan,2017,3.5910,0.3972,0.6013,0.1635,0.1471,0.2857,0.1168
154,South Sudan,2018,3.2540,0.3370,0.6080,0.1770,0.1120,0.2240,0.1060
156,South Sudan,2019,2.8530,0.3060,0.5750,0.2950,0.0100,0.2020,0.0910
36,Spain,2015,6.3290,1.2301,1.3138,0.9556,0.4595,0.1823,0.0640
37,Spain,2016,6.3610,1.3425,1.1295,0.8790,0.3755,0.1767,0.0614
34,Spain,2017,6.4030,1.3844,1.5321,0.8890,0.4088,0.1901,0.0709
36,Spain,2018,6.3100,1.2510,1.5380,0.9650,0.4490,0.1420,0.0740
30,Spain,2019,6.3540,1.2860,1.4840,1.0620,0.3620,0.1530,0.0790
132,Sri Lanka,2015,4.2710,0.8352,1.0191,0.7081,0.5373,0.4083,0.0918
117,Sri Lanka,2016,4.4150,0.9732,0.8478,0.6201,0.5082,0.4698,0.0796
120,Sri Lanka,2017,4.4400,1.0099,1.2600,0.6251,0.5612,0.4909,0.0737
116,Sri Lanka,2018,4.4710,0.9180,1.3140,0.6720,0.5850,0.3070,0.0500
130,Sri Lanka,2019,4.3660,0.9490,1.2650,0.8310,0.4700,0.2440,0.0470
118,Sudan,2015,4.5500,0.5211,1.0140,0.3688,0.1008,0.1906,0.1466
133,Sudan,2016,4.1390,0.6307,0.8193,0.2976,0.0000,0.1808,0.1004
130,Sudan,2017,4.1390,0.6595,1.2140,0.2909,0.0150,0.1823,0.0898
137,Sudan,2018,4.1390,0.6050,1.2400,0.3120,0.0160,0.1340,0.0820
40,Suriname,2015,6.2690,0.9953,0.9720,0.6082,0.5966,0.1699,0.1363
40,Suriname,2016,6.2690,1.0969,0.7787,0.5093,0.5223,0.1667,0.1269
101,Swaziland,2015,4.8670,0.7121,1.0728,0.0757,0.3066,0.1826,0.0306
135,Swaziland,2019,4.2120,0.8110,1.1490,0.0000,0.3130,0.0740,0.1350
8,Sweden,2015,7.3640,1.3317,1.2891,0.9109,0.6598,0.3626,0.4384
10,Sweden,2016,7.2910,1.4518,1.0876,0.8312,0.5822,0.3825,0.4087
9,Sweden,2017,7.2840,1.4944,1.4782,0.8309,0.6129,0.3854,0.3844
9,Sweden,2018,7.3140,1.3550,1.5010,0.9130,0.6590,0.2850,0.3830
7,Sweden,2019,7.3430,1.3870,1.4870,1.0090,0.5740,0.2670,0.3730
1,Switzerland,2015,7.5870,1.3965,1.3495,0.9414,0.6656,0.2968,0.4198
2,Switzerland,2016,7.5090,1.5273,1.1452,0.8630,0.5856,0.2808,0.4120
4,Switzerland,2017,7.4940,1.5650,1.5169,0.8581,0.6201,0.2905,0.3670
5,Switzerland,2018,7.4870,1.4200,1.5490,0.9270,0.6600,0.2560,0.3570
6,Switzerland,2019,7.4800,1.4520,1.5260,1.0520,0.5720,0.2630,0.3430
156,Syria,2015,3.0060,0.6632,0.4749,0.7219,0.1568,0.4718,0.1891
156,Syria,2016,3.0690,0.7472,0.1487,0.6299,0.0691,0.4840,0.1723
152,Syria,2017,3.4620,0.7772,0.3961,0.5005,0.0815,0.4937,0.1513
150,Syria,2018,3.4620,0.6890,0.3820,0.5390,0.0880,0.3760,0.1440
149,Syria,2019,3.4620,0.6190,0.3780,0.4400,0.0130,0.3310,0.1410
38,Taiwan,2015,6.2980,1.2910,1.0762,0.8753,0.3974,0.2538,0.0813
34,Taiwan,2016,6.3790,1.3973,0.9262,0.7957,0.3238,0.2550,0.0663
26,Taiwan,2018,6.4410,1.3650,1.4360,0.8570,0.4180,0.1510,0.0780
25,Taiwan,2019,6.4460,1.3680,1.4300,0.9140,0.3510,0.2420,0.0970
33,Taiwan Province of China,2017,6.4220,1.4336,1.3846,0.7940,0.3615,0.2584,0.0638
106,Tajikistan,2015,4.7860,0.3905,0.8556,0.5738,0.4722,0.2297,0.1507
100,Tajikistan,2016,4.9960,0.4884,0.7560,0.5312,0.4341,0.2600,0.1351
96,Tajikistan,2017,5.0410,0.5247,1.2715,0.5292,0.4716,0.2490,0.1464
88,Tajikistan,2018,5.1990,0.4740,1.1660,0.5980,0.2920,0.1870,0.0340
74,Tajikistan,2019,5.4670,0.4930,1.0980,0.7180,0.3890,0.2300,0.1440
146,Tanzania,2015,3.7810,0.2852,1.0027,0.3822,0.3288,0.3438,0.0575
149,Tanzania,2016,3.6660,0.4716,0.7762,0.3570,0.3176,0.3147,0.0510
153,Tanzania,2017,3.3490,0.5111,1.0420,0.3645,0.3900,0.3543,0.0660
153,Tanzania,2018,3.3030,0.4550,0.9910,0.3810,0.4810,0.2700,0.0970
153,Tanzania,2019,3.2310,0.4760,0.8850,0.4990,0.4170,0.2760,0.1470
34,Thailand,2015,6.4550,0.9669,1.2650,0.7385,0.5566,0.5763,0.0319
33,Thailand,2016,6.4740,1.0893,1.0448,0.6492,0.4955,0.5870,0.0283
32,Thailand,2017,6.4240,1.1279,1.4258,0.6472,0.5802,0.5721,0.0316
46,Thailand,2018,6.0720,1.0160,1.4170,0.7070,0.6370,0.3640,0.0290
52,Thailand,2019,6.0080,1.0500,1.4090,0.8280,0.5570,0.3590,0.0280
158,Togo,2015,2.8390,0.2087,0.1400,0.2844,0.3645,0.1668,0.1073
155,Togo,2016,3.3030,0.2812,0.0000,0.2481,0.3468,0.1752,0.1159
150,Togo,2017,3.4950,0.3054,0.4319,0.2471,0.3804,0.1969,0.0957
139,Togo,2018,3.9990,0.2590,0.4740,0.2530,0.4340,0.1580,0.1010
139,Togo,2019,4.0850,0.2750,0.5720,0.4100,0.2930,0.1770,0.0850
38,Trinidad & Tobago,2018,6.1920,1.2230,1.4920,0.5640,0.5750,0.1710,0.0190
39,Trinidad & Tobago,2019,6.1920,1.2310,1.4770,0.7130,0.4890,0.1850,0.0160
41,Trinidad and Tobago,2015,6.1680,1.2118,1.1835,0.6148,0.5588,0.3184,0.0114
43,Trinidad and Tobago,2016,6.1680,1.3257,0.9857,0.5261,0.4845,0.3194,0.0124
38,Trinidad and Tobago,2017,6.1680,1.3614,1.3802,0.5200,0.5186,0.3253,0.0090
107,Tunisia,2015,4.7390,0.8811,0.6043,0.7379,0.2627,0.0643,0.0636
98,Tunisia,2016,5.0450,0.9772,0.4317,0.5958,0.2355,0.0394,0.0817
102,Tunisia,2017,4.8050,1.0073,0.8684,0.6132,0.2897,0.0497,0.0867
111,Tunisia,2018,4.5920,0.9000,0.9060,0.6900,0.2710,0.0400,0.0630
124,Tunisia,2019,4.4610,0.9210,1.0000,0.8150,0.1670,0.0590,0.0550
76,Turkey,2015,5.3320,1.0610,0.9463,0.7317,0.2282,0.1225,0.1575
78,Turkey,2016,5.3890,1.1649,0.8772,0.6472,0.2389,0.0471,0.1235
69,Turkey,2017,5.5000,1.1983,1.3378,0.6376,0.3007,0.0467,0.0997
74,Turkey,2018,5.4830,1.1480,1.3800,0.6860,0.3240,0.1060,0.1090
79,Turkey,2019,5.3730,1.1830,1.3600,0.8080,0.1950,0.0830,0.1060
70,Turkmenistan,2015,5.5480,0.9585,1.2267,0.5389,0.4761,0.1698,0.3084
65,Turkmenistan,2016,5.6580,1.0802,1.0382,0.4401,0.3741,0.2257,0.2847
59,Turkmenistan,2017,5.8220,1.1308,1.4931,0.4377,0.4183,0.2499,0.2593
68,Turkmenistan,2018,5.6360,1.0160,1.5330,0.5170,0.4170,0.1990,0.0370
87,Turkmenistan,2019,5.2470,1.0520,1.5380,0.6570,0.3940,0.2440,0.0280
141,Uganda,2015,3.9310,0.2110,1.1330,0.3386,0.4573,0.2907,0.0727
145,Uganda,2016,3.7390,0.3472,0.9098,0.1963,0.4365,0.2710,0.0644
133,Uganda,2017,4.0810,0.3814,1.1298,0.2176,0.4432,0.3258,0.0571
135,Uganda,2018,4.1610,0.3220,1.0900,0.2370,0.4500,0.2590,0.0610
136,Uganda,2019,4.1890,0.3320,1.0690,0.4430,0.3560,0.2520,0.0600
111,Ukraine,2015,4.6810,0.7991,1.2028,0.6739,0.2512,0.1528,0.0296
123,Ukraine,2016,4.3240,0.8729,1.0141,0.5863,0.1286,0.2036,0.0183
132,Ukraine,2017,4.0960,0.8947,1.3945,0.5759,0.1230,0.2701,0.0230
138,Ukraine,2018,4.1030,0.7930,1.4130,0.6090,0.1630,0.1870,0.0110
133,Ukraine,2019,4.3320,0.8200,1.3900,0.7390,0.1780,0.1870,0.0100
20,United Arab Emirates,2015,6.9010,1.4273,1.1258,0.8093,0.6416,0.2643,0.3858
28,United Arab Emirates,2016,6.5730,1.5735,0.8711,0.7299,0.5622,0.2659,0.3556
21,United Arab Emirates,2017,6.6480,1.6263,1.2664,0.7268,0.6083,0.3609,0.3245
20,United Arab Emirates,2018,6.7740,2.0960,0.7760,0.6700,0.2840,0.1860,0.0000
21,United Arab Emirates,2019,6.8250,1.5030,1.3100,0.8250,0.5980,0.2620,0.1820
21,United Kingdom,2015,6.8670,1.2664,1.2855,0.9094,0.5963,0.5191,0.3207
23,United Kingdom,2016,6.7250,1.4028,1.0867,0.8099,0.5004,0.5016,0.2740
19,United Kingdom,2017,6.7140,1.4416,1.4965,0.8053,0.5082,0.4928,0.2654
11,United Kingdom,2018,7.1900,1.2440,1.4330,0.8880,0.4640,0.2620,0.0820
15,United Kingdom,2019,7.0540,1.3330,1.5380,0.9960,0.4500,0.3480,0.2780
15,United States,2015,7.1190,1.3945,1.2471,0.8618,0.5460,0.4011,0.1589
13,United States,2016,7.1040,1.5080,1.0478,0.7790,0.4816,0.4108,0.1487
14,United States,2017,6.9930,1.5463,1.4199,0.7743,0.5057,0.3926,0.1356
18,United States,2018,6.8860,1.3980,1.4710,0.8190,0.5470,0.2910,0.1330
19,United States,2019,6.8920,1.4330,1.4570,0.8740,0.4540,0.2800,0.1280
32,Uruguay,2015,6.4850,1.0617,1.2089,0.8116,0.6036,0.2324,0.2456
29,Uruguay,2016,6.5450,1.1816,1.0314,0.7218,0.5439,0.1806,0.2139
28,Uruguay,2017,6.4540,1.2176,1.4122,0.7192,0.5794,0.1751,0.1781
31,Uruguay,2018,6.3790,1.0930,1.4590,0.7710,0.6250,0.1300,0.1550
33,Uruguay,2019,6.2930,1.1240,1.4650,0.8910,0.5230,0.1270,0.1500
44,Uzbekistan,2015,6.0030,0.6324,1.3404,0.5977,0.6582,0.2284,0.3083
49,Uzbekistan,2016,5.9870,0.7359,1.1681,0.5016,0.6085,0.3433,0.2833
47,Uzbekistan,2017,5.9710,0.7864,1.5490,0.4983,0.6582,0.4160,0.2465
44,Uzbekistan,2018,6.0960,0.7190,1.5840,0.6050,0.7240,0.3280,0.2590
41,Uzbekistan,2019,6.1740,0.7450,1.5290,0.7560,0.6310,0.3220,0.2400
23,Venezuela,2015,6.8100,1.0442,1.2560,0.7205,0.4291,0.0584,0.1107
44,Venezuela,2016,6.0840,1.1337,1.0330,0.6190,0.1985,0.0425,0.0830
82,Venezuela,2017,5.2500,1.1284,1.4313,0.6171,0.1540,0.0650,0.0645
102,Venezuela,2018,4.8060,0.9960,1.4690,0.6570,0.1330,0.0560,0.0520
108,Venezuela,2019,4.7070,0.9600,1.4270,0.8050,0.1540,0.0640,0.0470
75,Vietnam,2015,5.3600,0.6322,0.9123,0.7468,0.5944,0.1686,0.1044
96,Vietnam,2016,5.0610,0.7404,0.7912,0.6616,0.5595,0.2508,0.1156
94,Vietnam,2017,5.0740,0.7885,1.2775,0.6522,0.5711,0.2350,0.0876
95,Vietnam,2018,5.1030,0.7150,1.3650,0.7020,0.6180,0.1770,0.0790
94,Vietnam,2019,5.1750,0.7410,1.3460,0.8510,0.5430,0.1470,0.0730
136,Yemen,2015,4.0770,0.5465,0.6809,0.4006,0.3557,0.0913,0.0785
147,Yemen,2016,3.7240,0.5794,0.4749,0.3105,0.2287,0.0982,0.0589
146,Yemen,2017,3.5930,0.5917,0.9354,0.3101,0.2495,0.1041,0.0568
152,Yemen,2018,3.3550,0.4420,1.0730,0.3430,0.2440,0.0830,0.0640
151,Yemen,2019,3.3800,0.2870,1.1630,0.4630,0.1430,0.1080,0.0770
85,Zambia,2015,5.1290,0.4704,0.9161,0.2992,0.4883,0.1959,0.1247
106,Zambia,2016,4.7950,0.6120,0.6376,0.2357,0.4266,0.1787,0.1148
116,Zambia,2017,4.5140,0.6364,1.0032,0.2578,0.4616,0.2496,0.0782
125,Zambia,2018,4.3770,0.5620,1.0470,0.2950,0.5030,0.2210,0.0820
138,Zambia,2019,4.1070,0.5780,1.0580,0.4260,0.4310,0.2470,0.0870
115,Zimbabwe,2015,4.6100,0.2710,1.0328,0.3348,0.2586,0.1899,0.0808
131,Zimbabwe,2016,4.1930,0.3504,0.7148,0.1595,0.2543,0.1850,0.0858
138,Zimbabwe,2017,3.8750,0.3758,1.0831,0.1968,0.3364,0.1891,0.0954
144,Zimbabwe,2018,3.6920,0.3570,1.0940,0.2480,0.4060,0.1320,0.0990
146,Zimbabwe,2019,3.6630,0.3660,1.1140,0.4330,0.3610,0.1510,0.0890
